[
  {
    "id": "add73ea0-a840-4377-add1-e809760350c1",
    "data": [
      {
        "text": "can you tell me about the university",
        "userDefined": false
      }
    ],
    "isTemplate": false,
    "count": 0,
    "lang": "en",
    "updated": 0
  },
  {
    "id": "799be56b-c9ac-4a5f-a228-20a35fc916cb",
    "data": [
      {
        "text": "about the university",
        "userDefined": false
      }
    ],
    "isTemplate": false,
    "count": 0,
    "lang": "en",
    "updated": 0
  },
  {
    "id": "c8b1c418-5963-4d2e-8efe-81877ec8d3b7",
    "data": [
      {
        "text": "tell me about the unviersity",
        "userDefined": false
      }
    ],
    "isTemplate": false,
    "count": 0,
    "lang": "en",
    "updated": 0
  },
  {
    "id": "19235e4a-b6a7-4f1d-a2f0-dfb3c5b26ae1",
    "data": [
      {
        "text": "about iuea",
        "userDefined": false
      }
    ],
    "isTemplate": false,
    "count": 0,
    "lang": "en",
    "updated": 0
  },
  {
    "id": "a2141469-3210-4e84-8ca2-660c2f18f124",
    "data": [
      {
        "text": "can you tell me about ",
        "userDefined": false
      },
      {
        "text": "iuea",
        "meta": "@sys.person",
        "alias": "person",
        "userDefined": false
      }
    ],
    "isTemplate": false,
    "count": 0,
    "lang": "en",
    "updated": 0
  }
]