[
  {
    "id": "de562f58-1c5c-4d1f-83f9-5a7b2f5c0c29",
    "data": [
      {
        "text": "history",
        "userDefined": false
      }
    ],
    "isTemplate": false,
    "count": 0,
    "lang": "en",
    "updated": 0
  },
  {
    "id": "0603fae7-45ea-4ff0-8513-a5d3def881ba",
    "data": [
      {
        "text": "can you tell me the history of iuea",
        "userDefined": false
      }
    ],
    "isTemplate": false,
    "count": 0,
    "lang": "en",
    "updated": 0
  },
  {
    "id": "a54918b7-71db-4db4-8358-da60999f24da",
    "data": [
      {
        "text": "what the history of the university",
        "userDefined": false
      }
    ],
    "isTemplate": false,
    "count": 0,
    "lang": "en",
    "updated": 0
  },
  {
    "id": "277bc1ef-34f1-403d-b848-55750de82abb",
    "data": [
      {
        "text": "did you have any history of iuea",
        "userDefined": false
      }
    ],
    "isTemplate": false,
    "count": 0,
    "lang": "en",
    "updated": 0
  }
]