[
  {
    "id": "237d9978-f1c9-4a16-a258-f54229e51a20",
    "data": [
      {
        "text": "what is the mission of the university",
        "userDefined": false
      }
    ],
    "isTemplate": false,
    "count": 0,
    "lang": "en",
    "updated": 0
  },
  {
    "id": "fe63b918-3667-42f7-9161-b9d4a928dee3",
    "data": [
      {
        "text": "can you tell me the mission of iuea",
        "userDefined": false
      }
    ],
    "isTemplate": false,
    "count": 0,
    "lang": "en",
    "updated": 0
  },
  {
    "id": "f7193b5a-8df8-425e-87d9-fec63a3c2563",
    "data": [
      {
        "text": "mission of iuea",
        "userDefined": false
      }
    ],
    "isTemplate": false,
    "count": 0,
    "lang": "en",
    "updated": 0
  },
  {
    "id": "9ee2efc6-37ea-40e9-98d1-eab51bfeff8b",
    "data": [
      {
        "text": "what is the iuea mission",
        "userDefined": false
      }
    ],
    "isTemplate": false,
    "count": 0,
    "lang": "en",
    "updated": 0
  },
  {
    "id": "255c734c-988d-4a32-b1ba-13d774738095",
    "data": [
      {
        "text": "university mission",
        "userDefined": false
      }
    ],
    "isTemplate": false,
    "count": 0,
    "lang": "en",
    "updated": 0
  }
]