[
  {
    "id": "fa80bc17-3168-495b-a5a1-c35301f679ff",
    "data": [
      {
        "text": "what is the university motto",
        "userDefined": false
      }
    ],
    "isTemplate": false,
    "count": 0,
    "lang": "en",
    "updated": 0
  },
  {
    "id": "f5d184b7-bae0-47dd-ac91-d2be1af9a933",
    "data": [
      {
        "text": "iuea motto",
        "userDefined": false
      }
    ],
    "isTemplate": false,
    "count": 0,
    "lang": "en",
    "updated": 0
  },
  {
    "id": "424c407e-1484-4f1c-b610-57a3648c5da8",
    "data": [
      {
        "text": "what is iuea motto",
        "userDefined": false
      }
    ],
    "isTemplate": false,
    "count": 0,
    "lang": "en",
    "updated": 0
  },
  {
    "id": "6b99917d-b414-4d2e-9a11-ab38ae7eabf1",
    "data": [
      {
        "text": "tell me the motto of iuea",
        "userDefined": false
      }
    ],
    "isTemplate": false,
    "count": 0,
    "lang": "en",
    "updated": 0
  }
]