[
  {
    "id": "a54c4923-8ba1-47e1-a127-77df154e7151",
    "data": [
      {
        "text": "can you tell me the vision of univervisty",
        "userDefined": false
      }
    ],
    "isTemplate": false,
    "count": 0,
    "lang": "en",
    "updated": 0
  },
  {
    "id": "07eed357-ec8a-4ace-b128-3f10b97469e8",
    "data": [
      {
        "text": "can you tell me the vision of ",
        "userDefined": false
      },
      {
        "text": "iuea",
        "meta": "@sys.person",
        "alias": "person",
        "userDefined": false
      }
    ],
    "isTemplate": false,
    "count": 0,
    "lang": "en",
    "updated": 0
  },
  {
    "id": "fa437984-6c81-45d7-820d-63789a38495b",
    "data": [
      {
        "text": "iuea vision",
        "userDefined": false
      }
    ],
    "isTemplate": false,
    "count": 0,
    "lang": "en",
    "updated": 0
  },
  {
    "id": "fe5e4eec-edc8-47e4-ac9e-c0e9b6a604e0",
    "data": [
      {
        "text": "what is the vision of iuea",
        "userDefined": false
      }
    ],
    "isTemplate": false,
    "count": 0,
    "lang": "en",
    "updated": 0
  },
  {
    "id": "25b0aa9c-01e8-46e7-bfe8-2f9384262c45",
    "data": [
      {
        "text": "what is the vision of the university",
        "userDefined": false
      }
    ],
    "isTemplate": false,
    "count": 0,
    "lang": "en",
    "updated": 0
  },
  {
    "id": "870b3531-f3a0-4170-89c2-322f3b2e8175",
    "data": [
      {
        "text": "vision",
        "userDefined": false
      }
    ],
    "isTemplate": false,
    "count": 0,
    "lang": "en",
    "updated": 0
  }
]