[
  {
    "id": "c6e16f69-fd6c-4f36-acd9-59e6f3a37794",
    "data": [
      {
        "text": "yah",
        "userDefined": false
      }
    ],
    "isTemplate": false,
    "count": 0,
    "lang": "en",
    "updated": 0
  },
  {
    "id": "96ef430c-0e1f-41ea-9b97-344f4dd53bd3",
    "data": [
      {
        "text": "yeh",
        "userDefined": false
      }
    ],
    "isTemplate": false,
    "count": 0,
    "lang": "en",
    "updated": 0
  },
  {
    "id": "7ae0504b-c7f9-4d75-b0b4-7d982918eb9c",
    "data": [
      {
        "text": "yes",
        "userDefined": false
      }
    ],
    "isTemplate": false,
    "count": 0,
    "lang": "en",
    "updated": 0
  }
]